W1	KILLED	  1.1s	start searches from LargestAcked	--- FAIL: TestBBRECNFeedbackFrozenEquivalence/mixed (0.00s)
W2	SURVIVED	  7.1s	end searches records ending at LargestAcked	
W3	SURVIVED	  7.4s	anchor-containing record not added to window end	
W4	SURVIVED	  7.3s	end adjustment uses strict first < largest	
N1	KILLED	  0.8s	no left neighbour	--- FAIL: TestBBRECNFeedbackFrozenEquivalence/mixed (0.00s)
N2	KILLED	  7.5s	no right neighbour	--- FAIL: TestBBRECNFeedbackWorkStaysFlat/unaffected_suffix_grows (0.00s)
N3	KILLED	  0.8s	no neighbours	--- FAIL: TestBBRECNFeedbackFrozenEquivalence/mixed (0.00s)
N4	KILLED	  7.3s	two left neighbours	--- FAIL: TestBBRECNFeedbackWorkStaysFlat/unaffected_prefix_grows (0.00s)
C1	KILLED	  0.8s	skip ACK ranges ending at the record start	--- FAIL: TestBBRECNFeedbackFrozenEquivalence/mixed (0.00s)
C2	KILLED	  0.8s	inner loop stops before a range starting at the record end	--- FAIL: TestBBRECNFeedbackFrozenEquivalence/mixed (0.00s)
C3	KILLED	  0.9s	inner loop restarts at the lowest ACK range	--- FAIL: TestBBRECNFeedbackFrozenEquivalence/mixed (0.00s)
C4	KILLED	  0.8s	skip loop never advances	--- FAIL: TestBBRECNFeedbackFrozenEquivalence/mixed (0.00s)
C5	KILLED	  0.9s	anchor taken from the first intersecting packet	--- FAIL: TestBBRECNFeedbackFrozenEquivalence/mixed (0.00s)
C6	KILLED	  0.8s	anchor uses the record start	--- FAIL: TestBBRECNFeedbackFrozenEquivalence/mixed (0.00s)
C7	KILLED	  0.9s	already-acked records counted as new	--- FAIL: TestBBRECNFeedbackFrozenEquivalence/mixed (0.00s)
C8	KILLED	  0.9s	intersection length off by one	--- FAIL: TestBBRECNFeedbackFrozenEquivalence/mixed (0.00s)
C9	KILLED	  0.8s	ECT1 counted as ECT0	--- FAIL: TestBBRECNFeedbackFrozenEquivalence/mixed (0.00s)
C10	KILLED	  0.9s	gap part ordinal from the ACK start	--- FAIL: TestBBRECNFeedbackFrozenEquivalence/mixed (0.00s)
C11	KILLED	  0.9s	acked part ordinal from the cursor	--- FAIL: TestBBRECNFeedbackFrozenEquivalence/mixed (0.00s)
C12	KILLED	  0.9s	cursor does not pass the acked part	--- FAIL: TestBBRECNFeedbackFrozenEquivalence/mixed (0.00s)
C13	KILLED	  0.9s	tail dropped when one packet remains	--- FAIL: TestBBRECNFeedbackFrozenEquivalence/mixed (0.00s)
C14	KILLED	  1.0s	empty gap part emitted	--- FAIL: TestBBRECNFeedbackFrozenEquivalence/mixed (0.00s)
C15	KILLED	  0.8s	gap part ends at the ACK start	--- FAIL: TestBBRECNFeedbackFrozenEquivalence/mixed (0.00s)
C16	KILLED	  0.9s	acked part not marked acked	--- FAIL: TestBBRECNFeedbackFrozenEquivalence/mixed (0.00s)
C17	KILLED	  0.9s	scratch not reset per ACK	--- FAIL: TestBBRECNFeedbackFrozenEquivalence/mixed (0.00s)
P1	KILLED	  0.9s	scratch merge ignores contiguity	--- FAIL: TestBBRECNFeedbackFrozenEquivalence/mixed (0.00s)
P2	KILLED	  0.8s	scratch merge ignores the mark	--- FAIL: TestBBRECNFeedbackFrozenEquivalence/mixed (0.00s)
P3	KILLED	  0.8s	scratch merge ignores the generation	--- FAIL: TestBBRECNFeedbackFrozenEquivalence/mixed (0.00s)
P4	KILLED	  0.7s	scratch merge ignores ACK status	--- FAIL: TestBBRECNFeedbackFrozenEquivalence/mixed (0.00s)
P5	KILLED	  0.7s	scratch merge ignores ordinal affinity	--- FAIL: TestBBRECNFeedbackFrozenEquivalence/mixed (0.00s)
P6	KILLED	  0.7s	scratch never merges	--- FAIL: TestBBRECNFeedbackFrozenEquivalence/mixed (0.00s)
L1	KILLED	  6.3s	budget allows one record too many	--- FAIL: TestBBRECNFeedbackCapEquivalence/ACK-induced_split_to_4097_records (0.07s)
L2	KILLED	  6.5s	budget rejects a full ledger	--- FAIL: TestBBRECNFeedbackCapEquivalence/ACK-induced_split_to_4096_records (0.08s)
L3	KILLED	  2.7s	budget charges the whole window as growth	--- FAIL: TestBBRECNFeedbackFrozenEquivalence/near_cap (0.54s)
L4	KILLED	  6.5s	no budget check	--- FAIL: TestBBRECNFeedbackCapEquivalence/ACK-induced_split_to_4097_records (0.07s)
L5	KILLED	  6.7s	budget failure records counter failure	--- FAIL: TestBBRECNFeedbackCapEquivalence/ACK-induced_split_to_4097_records (0.09s)
L6	KILLED	  6.6s	budget checked before counter validation	--- FAIL: TestBBRECNFeedbackCapEquivalence/combined_invalid_counters_and_over-cap_split (0.09s)
L8	KILLED	  6.6s	budget checked between anchor and delta coverage	--- FAIL: TestBBRECNFeedbackCapEquivalence/delta-coverage_failure_precedes_an_over-cap_split (0.08s)
L7	KILLED	  0.8s	splice before validation (not atomic)	--- FAIL: TestBBRECNFeedbackFrozenEquivalence/mixed (0.00s)
S1	KILLED	  0.8s	suffix not relocated	--- FAIL: TestBBRECNFeedbackFrozenEquivalence/mixed (0.00s)
S2	KILLED	  0.8s	window not written	--- FAIL: TestBBRECNFeedbackFrozenEquivalence/mixed (0.00s)
S3	KILLED	  0.8s	ledger not truncated after shrinking	--- FAIL: TestBBRECNFeedbackFrozenEquivalence/mixed (0.00s)
S4	KILLED	  0.8s	suffix relocated one slot early	--- FAIL: TestBBRECNFeedbackFrozenEquivalence/mixed (0.00s)
S5	KILLED	  6.7s	growth ignores the cap clamp	--- FAIL: TestBBRECNFeedbackCapEquivalence/split_growth_keeps_capacity_within_the_cap (0.00s)
S6	KILLED	  8.5s	grows on every splice	--- FAIL: TestBBRECNFeedbackSteadyStateAllocations/in_order (0.00s)

42/45 killed
