scenario,quantum_packets,policy,packets,max_reg_mbps,max_accept_mbps,max_depart_mbps,max_paired_rate_gap_fraction_capacity,min_reg_rtt_ms,min_accept_rtt_ms,min_depart_rtt_ms,max_reg_depart_rtt_bias_ms,max_submission_bytes_per_worker_wakeup,max_entry_bytes,max_queue_entries,max_queued_bytes,queue_blocked_ticks,credit_blocked_ticks,reg_peak_live,accept_peak_live,depart_peak_live,reg_final_live,reg_delivered,accept_delivered,depart_delivered,invalid_reg,invalid_accept,invalid_depart,limited_reg,limited_accept,limited_depart,host_contiguous_burst_bytes,last_ack_us,fault_triggered
ordinary,1,false,1024,9.6,9.6,9.6,0,41.01,41.01,41.01,0,1200,1200,1,1200,0,0,42,42,42,0,1228800,1228800,1228800,0,0,0,0,0,0,1200,1065010,false
ordinary,1,true,1024,9.6,9.6,9.6,0,41.01,41.01,41.01,0,1200,1200,1,1200,0,0,42,42,42,0,1228800,1228800,1228800,0,0,0,0,0,0,1200,1065010,false
ordinary,4,false,1024,9.6,9.6,9.6,0.022505114798817862,41.01,41.01,41.01,0.03,4800,1200,4,4800,0,0,45,45,44,0,1228800,1228800,1228800,0,0,0,0,0,0,4800,1065010,false
ordinary,4,true,1024,9.6,9.6,9.6,0.022505114798817862,41.01,41.01,41.01,0.03,4800,1200,4,4800,0,0,45,45,44,0,1228800,1228800,1228800,0,0,0,0,0,0,4800,1065010,false
ordinary,16,false,1024,9.6,9.6,9.6,0.020629297770368867,41.01,41.01,41.01,0.07,9600,1200,8,9600,0,0,49,49,48,0,1228800,1228800,1228800,0,0,0,0,0,0,9600,1065010,false
ordinary,16,true,1024,9.6,9.6,9.6,0.020629297770368867,41.01,41.01,41.01,0.07,9600,1200,8,9600,0,0,49,49,48,0,1228800,1228800,1228800,0,0,0,0,0,0,9600,1065010,false
delay-5ms,1,false,1024,9.6,9.6,9.6,0.5114191569139871,46.01,41.01,41.01,5,1200,1200,6,7200,0,0,47,42,42,0,1228800,1228800,1228800,0,0,0,0,0,0,1200,1070010,false
delay-5ms,1,true,1024,1.8823529411764706,1.8823529411764706,1.8823529411764706,0.08727634237244022,46.01,41.01,41.01,5,1200,1200,1,1200,0,41943,10,9,9,0,1228800,1228800,1228800,0,0,0,0,0,0,1200,5264310,false
delay-5ms,4,false,1024,9.6,9.6,9.6,0.4839264595204817,46.01,41.01,41.01,5.03,4800,1200,8,9600,0,0,50,45,44,0,1228800,1228800,1228800,0,0,0,0,0,0,4800,1070010,false
delay-5ms,4,true,1024,7.529411764705882,7.529411764705882,7.529411764705882,0.3628618236884892,46.01,41.01,41.01,5.03,4800,1200,4,4800,0,2805,40,36,36,0,1228800,1228800,1228800,0,0,0,0,0,0,4800,1350510,false
delay-5ms,16,false,1024,9.6,9.6,9.6,0.12390488110137676,46.01,41.01,41.01,5.07,9600,1200,8,9600,0,0,54,49,48,0,1228800,1228800,1228800,0,0,0,0,0,0,9600,1070010,false
delay-5ms,16,true,1024,9.6,9.6,9.6,0.12390488110137676,46.01,41.01,41.01,5.07,9600,1200,8,9600,0,0,54,49,48,0,1228800,1228800,1228800,0,0,0,0,0,0,9600,1070010,false
delay-40ms,1,false,1024,2.0098522167487687,2.1021897810218975,2.1021897810218975,0.13708472736380442,81.01,41.01,41.01,40,1200,1200,8,9600,40767,0,17,9,9,0,1228800,1228800,1228800,0,0,0,0,0,0,1200,5181710,false
delay-40ms,1,true,1024,0.23940149625935161,0.23940149625935161,0.23940149625935161,0.012040141470458263,81.01,41.01,41.01,40,1200,1200,1,1200,0,399993,3,2,2,0,1228800,1228800,1228800,0,0,0,0,0,0,1200,41104310,false
delay-40ms,4,false,1024,2.2802850356294537,2.612244897959184,2.612244897959184,0.14721617317600683,81.01,41.01,41.01,40.03,4800,1200,8,9600,40767,0,20,12,12,0,1228800,1228800,1228800,0,0,0,0,0,0,4800,5181710,false
delay-40ms,4,true,1024,0.9576059850374065,0.9576059850374065,0.9576059850374065,0.043275055087116605,81.01,41.01,41.01,40.03,4800,1200,4,4800,0,92055,12,8,8,0,1228800,1228800,1228800,0,0,0,0,0,0,4800,10310510,false
delay-40ms,16,false,1024,1.915211970074813,1.915211970074813,1.915211970074813,0.07573319017235952,81.01,41.01,41.01,40.07,9600,1200,8,9600,40767,0,24,16,16,0,1228800,1228800,1228800,0,0,0,0,0,0,9600,5181710,false
delay-40ms,16,true,1024,1.915211970074813,1.915211970074813,1.915211970074813,0.07573319017235952,81.01,41.01,41.01,40.07,9600,1200,8,9600,40767,0,24,16,16,0,1228800,1228800,1228800,0,0,0,0,0,0,9600,5181710,false
gso-4,1,false,1024,9.6,9.6,9.6,0,41.01,41.01,41.01,0,1200,1200,1,1200,0,0,42,42,42,0,1228800,1228800,1228800,0,0,0,0,0,0,1200,1065010,false
gso-4,1,true,1024,9.6,9.6,9.6,0,41.01,41.01,41.01,0,1200,1200,1,1200,0,0,42,42,42,0,1228800,1228800,1228800,0,0,0,0,0,0,1200,1065010,false
gso-4,4,false,1024,9.6,9.6,9.6,0.022505114798817862,41.01,41.01,41.01,0.03,4800,4800,1,4800,0,0,45,45,44,0,1228800,1228800,1228800,0,0,0,0,0,0,4800,1065010,false
gso-4,4,true,1024,9.6,9.6,9.6,0.022505114798817862,41.01,41.01,41.01,0.03,4800,4800,1,4800,0,0,45,45,44,0,1228800,1228800,1228800,0,0,0,0,0,0,4800,1065010,false
gso-4,16,false,1024,9.6,9.6,9.6,0.020629297770368867,41.01,41.01,41.01,0.15,19200,4800,4,19200,0,0,57,57,56,0,1228800,1228800,1228800,0,0,0,0,0,0,19200,1065010,false
gso-4,16,true,1024,9.6,9.6,9.6,0.020629297770368867,41.01,41.01,41.01,0.15,19200,4800,4,19200,0,0,57,57,56,0,1228800,1228800,1228800,0,0,0,0,0,0,19200,1065010,false
gso-16,1,false,1024,9.6,9.6,9.6,0,41.01,41.01,41.01,0,1200,1200,1,1200,0,0,42,42,42,0,1228800,1228800,1228800,0,0,0,0,0,0,1200,1065010,false
gso-16,1,true,1024,9.6,9.6,9.6,0,41.01,41.01,41.01,0,1200,1200,1,1200,0,0,42,42,42,0,1228800,1228800,1228800,0,0,0,0,0,0,1200,1065010,false
gso-16,4,false,1024,9.6,9.6,9.6,0.022505114798817862,41.01,41.01,41.01,0.03,4800,4800,1,4800,0,0,45,45,44,0,1228800,1228800,1228800,0,0,0,0,0,0,4800,1065010,false
gso-16,4,true,1024,9.6,9.6,9.6,0.022505114798817862,41.01,41.01,41.01,0.03,4800,4800,1,4800,0,0,45,45,44,0,1228800,1228800,1228800,0,0,0,0,0,0,4800,1065010,false
gso-16,16,false,1024,9.6,9.6,9.6,0.020629297770368867,41.01,41.01,41.01,0.15,19200,19200,1,19200,0,0,57,57,56,0,1228800,1228800,1228800,0,0,0,0,0,0,19200,1065010,false
gso-16,16,true,1024,9.6,9.6,9.6,0.020629297770368867,41.01,41.01,41.01,0.15,19200,19200,1,19200,0,0,57,57,56,0,1228800,1228800,1228800,0,0,0,0,0,0,19200,1065010,false
drain-one,1,false,1024,2.4,2.4,2.4,0.10884013645453476,41.01,41.01,41.01,31.9,1200,1200,8,9600,30371,0,19,11,11,0,1228800,1228800,1228800,0,0,0,0,0,0,1200,4134010,false
drain-one,1,true,1024,2.4,2.4,2.4,0.10884013645453476,41.01,41.01,41.01,3.9,1200,1200,1,1200,0,30651,12,11,11,0,1228800,1228800,1228800,0,0,0,0,0,0,1200,4134010,false
drain-one,4,false,1024,2.4,2.4,2.4,0.10884013645453476,41.01,41.01,41.01,31.9,1200,1200,8,9600,30371,0,19,11,11,0,1228800,1228800,1228800,0,0,0,0,0,0,1200,4134010,false
drain-one,4,true,1024,2.4,2.4,2.4,0.10884013645453476,41.01,41.01,41.01,15.9,1200,1200,4,4800,0,30531,15,11,11,0,1228800,1228800,1228800,0,0,0,0,0,0,1200,4134010,false
drain-one,16,false,1024,2.4,2.4,2.4,0.10884013645453476,41.01,41.01,41.01,31.9,1200,1200,8,9600,30371,0,19,11,11,0,1228800,1228800,1228800,0,0,0,0,0,0,1200,4134010,false
drain-one,16,true,1024,2.4,2.4,2.4,0.10884013645453476,41.01,41.01,41.01,31.9,1200,1200,8,9600,30371,0,19,11,11,0,1228800,1228800,1228800,0,0,0,0,0,0,1200,4134010,false
drain-eight,1,false,1024,9.6,9.6,9.6,0.4377586594090534,41.01,41.01,41.01,3,4800,1200,4,4800,0,0,45,45,44,0,1228800,1228800,1228800,0,0,0,0,0,0,4800,1068010,false
drain-eight,1,true,1024,2.4,2.4,2.4,0.10884013645453476,41.01,41.01,41.01,3.9,1200,1200,1,1200,0,30651,12,11,11,0,1228800,1228800,1228800,0,0,0,0,0,0,1200,4134010,false
drain-eight,4,false,1024,9.6,9.6,9.6,0.022505114798817862,41.01,41.01,41.01,0.03,4800,1200,4,4800,0,0,45,45,44,0,1228800,1228800,1228800,0,0,0,0,0,0,4800,1065010,false
drain-eight,4,true,1024,9.6,9.6,9.6,0.022505114798817862,41.01,41.01,41.01,0.03,4800,1200,4,4800,0,0,45,45,44,0,1228800,1228800,1228800,0,0,0,0,0,0,4800,1065010,false
drain-eight,16,false,1024,9.6,9.6,9.6,0.020629297770368867,41.01,41.01,41.01,0.07,9600,1200,8,9600,0,0,49,49,48,0,1228800,1228800,1228800,0,0,0,0,0,0,9600,1065010,false
drain-eight,16,true,1024,9.6,9.6,9.6,0.020629297770368867,41.01,41.01,41.01,0.07,9600,1200,8,9600,0,0,49,49,48,0,1228800,1228800,1228800,0,0,0,0,0,0,9600,1065010,false
worker-stall,1,false,1024,9.6,9.6,9.6,0.5953757225433526,41.01,41.01,41.01,80,9600,1200,8,9600,721,0,49,49,49,0,1228800,1228800,1228800,0,0,0,0,0,0,9600,1145010,false
worker-stall,1,true,1024,9.6,9.6,9.6,0.6531791907514451,41.01,41.01,41.01,80,1200,1200,1,1200,0,791,42,42,42,0,1228800,1228800,1228800,0,0,0,0,0,0,1200,1145010,false
worker-stall,4,false,1024,9.6,9.6,9.6,0.605157131345689,41.01,41.01,41.01,80.03,9600,1200,8,9600,721,0,52,52,52,0,1228800,1228800,1228800,0,0,0,0,0,0,9600,1145010,false
worker-stall,4,true,1024,9.6,9.6,9.6,0.637389202256245,41.01,41.01,41.01,80.03,4800,1200,4,4800,0,761,48,48,48,0,1228800,1228800,1228800,0,0,0,0,0,0,4800,1145010,false
worker-stall,16,false,1024,9.6,9.6,9.6,0.6174863387978142,41.01,41.01,41.01,80.07,9600,1200,8,9600,721,0,56,56,56,0,1228800,1228800,1228800,0,0,0,0,0,0,9600,1145010,false
worker-stall,16,true,1024,9.6,9.6,9.6,0.6174863387978142,41.01,41.01,41.01,80.07,9600,1200,8,9600,721,0,56,56,56,0,1228800,1228800,1228800,0,0,0,0,0,0,9600,1145010,false
worker-stall-gso4,1,false,1024,9.6,9.6,9.6,0.5953757225433526,41.01,41.01,41.01,80,9600,1200,8,9600,721,0,49,49,49,0,1228800,1228800,1228800,0,0,0,0,0,0,9600,1145010,false
worker-stall-gso4,1,true,1024,9.6,9.6,9.6,0.6531791907514451,41.01,41.01,41.01,80,1200,1200,1,1200,0,791,42,42,42,0,1228800,1228800,1228800,0,0,0,0,0,0,1200,1145010,false
worker-stall-gso4,4,false,1024,9.6,9.6,9.6,0.4117647058823529,41.01,41.01,41.01,80.03,38400,4800,8,38400,481,0,76,76,76,0,1228800,1228800,1228800,0,0,0,0,0,0,43200,1145010,false
worker-stall-gso4,4,true,1024,9.6,9.6,9.6,0.637389202256245,41.01,41.01,41.01,80.03,4800,4800,1,4800,0,761,48,48,48,0,1228800,1228800,1228800,0,0,0,0,0,0,4800,1145010,false
worker-stall-gso4,16,false,1024,9.6,9.6,9.6,0.43013270882123344,41.01,41.01,41.01,80.15,38400,4800,8,38400,481,0,88,88,88,0,1228800,1228800,1228800,0,0,0,0,0,0,57600,1145010,false
worker-stall-gso4,16,true,1024,9.6,9.6,9.6,0.5550351288056206,41.01,41.01,41.01,80.15,19200,4800,4,19200,0,641,72,72,72,0,1228800,1228800,1228800,0,0,0,0,0,0,38400,1145010,false
worker-stall-gso16,1,false,1024,9.6,9.6,9.6,0.5953757225433526,41.01,41.01,41.01,80,9600,1200,8,9600,721,0,49,49,49,0,1228800,1228800,1228800,0,0,0,0,0,0,9600,1145010,false
worker-stall-gso16,1,true,1024,9.6,9.6,9.6,0.6531791907514451,41.01,41.01,41.01,80,1200,1200,1,1200,0,791,42,42,42,0,1228800,1228800,1228800,0,0,0,0,0,0,1200,1145010,false
worker-stall-gso16,4,false,1024,9.6,9.6,9.6,0.4117647058823529,41.01,41.01,41.01,80.03,38400,4800,8,38400,481,0,76,76,76,0,1228800,1228800,1228800,0,0,0,0,0,0,43200,1145010,false
worker-stall-gso16,4,true,1024,9.6,9.6,9.6,0.637389202256245,41.01,41.01,41.01,80.03,4800,4800,1,4800,0,761,48,48,48,0,1228800,1228800,1228800,0,0,0,0,0,0,4800,1145010,false
worker-stall-gso16,16,false,1024,9.6,9.6,9.6,0.31987799856892163,41.01,41.01,41.01,80.15,115200,19200,6,115200,0,0,137,137,136,0,1228800,1228800,1228800,0,0,0,0,0,0,115200,1145010,false
worker-stall-gso16,16,true,1024,9.6,9.6,9.6,0.5550351288056206,41.01,41.01,41.01,80.15,19200,19200,1,19200,0,641,72,72,72,0,1228800,1228800,1228800,0,0,0,0,0,0,38400,1145010,false
ack-compress-20ms,1,false,1024,9.6,9.6,9.6,0,42,42,42,0,1200,1200,1,1200,0,0,61,61,61,0,1228800,1228800,1228800,0,0,0,0,0,0,1200,1080000,false
ack-compress-20ms,1,true,1024,9.6,9.6,9.6,0,42,42,42,0,1200,1200,1,1200,0,0,61,61,61,0,1228800,1228800,1228800,0,0,0,0,0,0,1200,1080000,false
ack-compress-20ms,4,false,1024,9.6,9.6,9.6,0,43,43,42.99,0.03,4800,1200,4,4800,0,0,62,62,62,0,1228800,1228800,1228800,0,0,0,0,0,0,4800,1080000,false
ack-compress-20ms,4,true,1024,9.6,9.6,9.6,0,43,43,42.99,0.03,4800,1200,4,4800,0,0,62,62,62,0,1228800,1228800,1228800,0,0,0,0,0,0,4800,1080000,false
ack-compress-20ms,16,false,1024,9.6,9.6,9.6,0.0007207779515245542,43,43,42.99,0.07,9600,1200,8,9600,0,0,66,66,66,0,1228800,1228800,1228800,0,0,0,0,0,0,9600,1080000,false
ack-compress-20ms,16,true,1024,9.6,9.6,9.6,0.0007207779515245542,43,43,42.99,0.07,9600,1200,8,9600,0,0,66,66,66,0,1228800,1228800,1228800,0,0,0,0,0,0,9600,1080000,false
ack-compress-80ms,1,false,1024,9.6,9.6,9.6,0,42,42,42,0,1200,1200,1,1200,0,0,121,121,121,0,1228800,1228800,1228800,0,0,0,0,0,0,1200,1120000,false
ack-compress-80ms,1,true,1024,9.6,9.6,9.6,0,42,42,42,0,1200,1200,1,1200,0,0,121,121,121,0,1228800,1228800,1228800,0,0,0,0,0,0,1200,1120000,false
ack-compress-80ms,4,false,1024,9.6,9.6,9.6,0,43,43,42.99,0.03,4800,1200,4,4800,0,0,122,122,122,0,1228800,1228800,1228800,0,0,0,0,0,0,4800,1120000,false
ack-compress-80ms,4,true,1024,9.6,9.6,9.6,0,43,43,42.99,0.03,4800,1200,4,4800,0,0,122,122,122,0,1228800,1228800,1228800,0,0,0,0,0,0,4800,1120000,false
ack-compress-80ms,16,false,1024,9.6,9.6,9.6,0,47,47,46.95,0.07,9600,1200,8,9600,0,0,122,122,122,0,1228800,1228800,1228800,0,0,0,0,0,0,9600,1120000,false
ack-compress-80ms,16,true,1024,9.6,9.6,9.6,0,47,47,46.95,0.07,9600,1200,8,9600,0,0,122,122,122,0,1228800,1228800,1228800,0,0,0,0,0,0,9600,1120000,false
stall-compress-gso,1,false,1024,9.6,9.6,9.6,0.2560917721518987,42,42,42,80,9600,1200,8,9600,721,0,129,129,129,0,1228800,1228800,1228800,0,0,0,0,0,0,9600,1200000,false
stall-compress-gso,1,true,1024,9.6,9.6,9.6,0.2560917721518987,42,42,42,80,1200,1200,1,1200,0,791,122,122,122,0,1228800,1228800,1228800,0,0,0,0,0,0,1200,1200000,false
stall-compress-gso,4,false,1024,9.6,9.6,9.6,0.2560917721518987,43,43,42.99,80.03,38400,4800,8,38400,481,0,154,154,154,0,1228800,1228800,1228800,0,0,0,0,0,0,43200,1200000,false
stall-compress-gso,4,true,1024,9.6,9.6,9.6,0.2560917721518987,43,43,42.99,80.03,4800,4800,1,4800,0,761,126,126,126,0,1228800,1228800,1228800,0,0,0,0,0,0,4800,1200000,false
stall-compress-gso,16,false,1024,9.6,9.6,9.6,0.2560917721518987,47,47,46.95,80.15,115200,19200,6,115200,0,0,202,202,202,0,1228800,1228800,1228800,0,0,0,0,0,0,115200,1200000,false
stall-compress-gso,16,true,1024,9.6,9.6,9.6,0.2560917721518987,47,47,46.95,80.15,19200,19200,1,19200,0,641,138,138,138,0,1228800,1228800,1228800,0,0,0,0,0,0,38400,1200000,false
host-delay,1,false,1024,9.6,9.6,9.6,0.5376841199870982,51.01,51.01,41.01,10,1200,1200,1,1200,0,0,52,52,42,0,1228800,1228800,1228800,0,0,0,0,0,0,1200,1075010,false
host-delay,1,true,1024,9.6,9.6,9.6,0.5376841199870982,51.01,51.01,41.01,10,1200,1200,1,1200,0,0,52,52,42,0,1228800,1228800,1228800,0,0,0,0,0,0,1200,1075010,false
host-delay,4,false,1024,9.6,9.6,9.6,0.5102540557086012,51.01,51.01,41.01,10.03,4800,1200,4,4800,0,0,55,55,44,0,1228800,1228800,1228800,0,0,0,0,0,0,4800,1075010,false
host-delay,4,true,1024,9.6,9.6,9.6,0.5102540557086012,51.01,51.01,41.01,10.03,4800,1200,4,4800,0,0,55,55,44,0,1228800,1228800,1228800,0,0,0,0,0,0,4800,1075010,false
host-delay,16,false,1024,9.6,9.6,9.6,0.47174794830676353,51.01,51.01,41.01,10.07,9600,1200,8,9600,0,0,59,59,48,0,1228800,1228800,1228800,0,0,0,0,0,0,9600,1075010,false
host-delay,16,true,1024,9.6,9.6,9.6,0.47174794830676353,51.01,51.01,41.01,10.07,9600,1200,8,9600,0,0,59,59,48,0,1228800,1228800,1228800,0,0,0,0,0,0,9600,1075010,false
host-stall-compress,1,false,1024,9.6,9.6,9.6,0.2560917721518987,42,42,42,80,1200,1200,1,1200,0,0,201,201,201,0,1228800,1228800,1228800,0,0,0,0,0,0,97200,1200000,false
host-stall-compress,1,true,1024,9.6,9.6,9.6,0.2560917721518987,42,42,42,80,1200,1200,1,1200,0,0,201,201,201,0,1228800,1228800,1228800,0,0,0,0,0,0,97200,1200000,false
host-stall-compress,4,false,1024,9.6,9.6,9.6,0.2560917721518987,43,43,42.99,80.03,4800,1200,4,4800,0,0,202,202,202,0,1228800,1228800,1228800,0,0,0,0,0,0,100800,1200000,false
host-stall-compress,4,true,1024,9.6,9.6,9.6,0.2560917721518987,43,43,42.99,80.03,4800,1200,4,4800,0,0,202,202,202,0,1228800,1228800,1228800,0,0,0,0,0,0,100800,1200000,false
host-stall-compress,16,false,1024,9.6,9.6,9.6,0.2560917721518987,47,47,46.95,80.07,9600,1200,8,9600,0,0,202,202,202,0,1228800,1228800,1228800,0,0,0,0,0,0,105600,1200000,false
host-stall-compress,16,true,1024,9.6,9.6,9.6,0.2560917721518987,47,47,46.95,80.07,9600,1200,8,9600,0,0,202,202,202,0,1228800,1228800,1228800,0,0,0,0,0,0,105600,1200000,false
idle-restart,1,false,1024,9.6,9.6,9.6,0,41.01,41.01,41.01,0,1200,1200,1,1200,0,0,42,42,42,0,1228800,1228800,1228800,0,0,0,42,42,42,1200,1265010,false
idle-restart,1,true,1024,9.6,9.6,9.6,0,41.01,41.01,41.01,0,1200,1200,1,1200,0,0,42,42,42,0,1228800,1228800,1228800,0,0,0,42,42,42,1200,1265010,false
idle-restart,4,false,1024,9.6,9.6,9.6,0.022505114798817862,41.01,41.01,41.01,0.03,4800,1200,4,4800,0,0,45,45,44,0,1228800,1228800,1228800,0,0,0,44,44,44,4800,1265010,false
idle-restart,4,true,1024,9.6,9.6,9.6,0.022505114798817862,41.01,41.01,41.01,0.03,4800,1200,4,4800,0,0,45,45,44,0,1228800,1228800,1228800,0,0,0,44,44,44,4800,1265010,false
idle-restart,16,false,1024,9.6,9.6,9.6,0.020629297770368867,41.01,41.01,41.01,0.07,9600,1200,8,9600,0,0,49,49,48,0,1228800,1228800,1228800,0,0,0,48,48,48,9600,1261010,false
idle-restart,16,true,1024,9.6,9.6,9.6,0.020629297770368867,41.01,41.01,41.01,0.07,9600,1200,8,9600,0,0,49,49,48,0,1228800,1228800,1228800,0,0,0,48,48,48,9600,1261010,false
partial-size-error,1,false,1024,9.6,9.6,9.6,0.4377586594090534,41.01,41.01,41.01,3,4800,1200,4,4800,0,0,46,45,44,0,1227600,1227600,1227600,0,0,0,0,0,0,4800,1068010,true
partial-size-error,1,true,1024,2.4,2.4,2.4,0.10884013645453476,41.01,41.01,41.01,3.9,1200,1200,1,1200,0,30651,12,11,11,0,1228800,1228800,1228800,0,0,0,0,0,0,1200,4134010,false
partial-size-error,4,false,1024,9.6,9.6,9.6,0.022510281262270292,41.01,41.01,41.01,0.03,4800,1200,4,4800,0,0,46,45,44,0,1227600,1227600,1227600,0,0,0,0,0,0,4800,1065010,true
partial-size-error,4,true,1024,9.6,9.6,9.6,0.022510281262270292,41.01,41.01,41.01,0.03,4800,1200,4,4800,0,0,46,45,44,0,1227600,1227600,1227600,0,0,0,0,0,0,4800,1065010,true
partial-size-error,16,false,1024,9.6,9.6,9.6,0.02063363895255956,41.01,41.01,41.01,0.07,9600,1200,8,9600,0,0,50,49,48,0,1227600,1227600,1227600,0,0,0,0,0,0,9600,1065010,true
partial-size-error,16,true,1024,9.6,9.6,9.6,0.02063363895255956,41.01,41.01,41.01,0.07,9600,1200,8,9600,0,0,50,49,48,0,1227600,1227600,1227600,0,0,0,0,0,0,9600,1065010,true
unknown-progress,1,false,201,9.6,9.6,9.6,0.4377586594090534,41.01,41.01,41.01,3,4800,1200,4,4800,0,0,45,45,44,0,187200,187200,187200,0,0,0,0,0,0,4800,242010,true
unknown-progress,1,true,1024,2.4,2.4,2.4,0.10884013645453476,41.01,41.01,41.01,3.9,1200,1200,1,1200,0,30651,12,11,11,0,1228800,1228800,1228800,0,0,0,0,0,0,1200,4134010,false
unknown-progress,4,false,204,9.6,9.6,9.6,0.022505114798817862,41.01,41.01,41.01,0.03,4800,1200,4,4800,0,0,45,45,44,0,190800,190800,190800,0,0,0,0,0,0,4800,242010,true
unknown-progress,4,true,204,9.6,9.6,9.6,0.022505114798817862,41.01,41.01,41.01,0.03,4800,1200,4,4800,0,0,45,45,44,0,190800,190800,190800,0,0,0,0,0,0,4800,242010,true
unknown-progress,16,false,208,9.6,9.6,9.6,0.020629297770368867,41.01,41.01,41.01,0.07,9600,1200,8,9600,0,0,49,49,48,0,190800,190800,190800,0,0,0,0,0,0,9600,242010,true
unknown-progress,16,true,208,9.6,9.6,9.6,0.020629297770368867,41.01,41.01,41.01,0.07,9600,1200,8,9600,0,0,49,49,48,0,190800,190800,190800,0,0,0,0,0,0,9600,242010,true
